entry_type,addr,bank,status,canonical_addr,canonical_bank
extra_func,80B0,0,AUTO_DISCOVERED,,
extra_func,8296,0,AUTO_DISCOVERED,,
extra_func,832F,0,AUTO_DISCOVERED,,
extra_func,C000,7,AUTO_DISCOVERED,,
extra_func,C114,7,AUTO_DISCOVERED,,
extra_func,C155,7,AUTO_DISCOVERED,,
extra_func,C158,7,AUTO_DISCOVERED,,
extra_func,C16D,7,AUTO_DISCOVERED,,
extra_func,C1A3,7,AUTO_DISCOVERED,,
extra_func,C1D4,7,AUTO_DISCOVERED,,
extra_func,C1E0,7,AUTO_DISCOVERED,,
extra_func,C215,7,AUTO_DISCOVERED,,
extra_func,C21F,7,AUTO_DISCOVERED,,
extra_func,C266,7,AUTO_DISCOVERED,,
extra_func,C27C,7,AUTO_DISCOVERED,,
extra_func,C29A,7,AUTO_DISCOVERED,,
extra_func,C2A8,7,AUTO_DISCOVERED,,
extra_func,C2BF,7,AUTO_DISCOVERED,,
extra_func,C2C4,7,AUTO_DISCOVERED,,
extra_func,C2C5,7,AUTO_DISCOVERED,,
extra_func,C2CA,7,AUTO_DISCOVERED,,
extra_func,C30C,7,AUTO_DISCOVERED,,
extra_func,C318,7,AUTO_DISCOVERED,,
extra_func,C36B,7,AUTO_DISCOVERED,,
extra_func,C376,7,AUTO_DISCOVERED,,
extra_func,C3C6,7,AUTO_DISCOVERED,,
extra_func,C3D4,7,AUTO_DISCOVERED,,
extra_func,C3DA,7,AUTO_DISCOVERED,,
extra_func,C41D,7,AUTO_DISCOVERED,,
extra_func,C434,7,AUTO_DISCOVERED,,
extra_func,C43D,7,AUTO_DISCOVERED,,
extra_func,C44D,7,AUTO_DISCOVERED,,
extra_func,C45C,7,AUTO_DISCOVERED_AS_SECONDARY,C447,7
extra_func,C45D,7,AUTO_DISCOVERED,,
extra_func,C494,7,AUTO_DISCOVERED,,
extra_func,C4AA,7,AUTO_DISCOVERED,,
extra_func,C4B2,7,AUTO_DISCOVERED,,
extra_func,C4D9,7,AUTO_DISCOVERED,,
extra_func,C4DE,7,AUTO_DISCOVERED,,
extra_func,C4E8,7,AUTO_DISCOVERED,,
extra_func,C4EF,7,AUTO_DISCOVERED,,
extra_func,C4FA,7,AUTO_DISCOVERED,,
extra_func,C531,7,AUTO_DISCOVERED,,
extra_func,C552,7,AUTO_DISCOVERED,,
extra_func,C578,7,AUTO_DISCOVERED,,
extra_func,C583,7,AUTO_DISCOVERED,,
extra_func,C590,7,AUTO_DISCOVERED,,
extra_func,C5B6,7,AUTO_DISCOVERED,,
extra_func,C5C3,7,AUTO_DISCOVERED,,
extra_func,C5D7,7,AUTO_DISCOVERED,,
extra_func,C604,7,AUTO_DISCOVERED,,
extra_func,C622,7,AUTO_DISCOVERED,,
extra_func,C645,7,AUTO_DISCOVERED,,
extra_func,C677,7,AUTO_DISCOVERED,,
extra_func,C69F,7,AUTO_DISCOVERED,,
extra_func,C801,7,AUTO_DISCOVERED,,
extra_func,C81D,7,AUTO_DISCOVERED,,
extra_func,C8D1,7,AUTO_DISCOVERED,,
extra_func,C92B,7,AUTO_DISCOVERED,,
extra_func,C97E,7,AUTO_DISCOVERED,,
extra_func,C9A6,7,AUTO_DISCOVERED,,
extra_func,C9B1,7,AUTO_DISCOVERED,,
extra_func,C9C4,7,AUTO_DISCOVERED,,
extra_func,C9D7,7,AUTO_DISCOVERED,,
extra_func,CA96,7,AUTO_DISCOVERED,,
extra_func,CAA1,7,AUTO_DISCOVERED,,
extra_func,CAC6,7,AUTO_DISCOVERED,,
extra_func,CC1A,7,AUTO_DISCOVERED,,
extra_func,CC36,7,AUTO_DISCOVERED,,
extra_func,CC98,7,AUTO_DISCOVERED,,
extra_func,CCB7,7,AUTO_DISCOVERED,,
extra_func,CCC2,7,AUTO_DISCOVERED,,
extra_func,CD6D,7,AUTO_DISCOVERED,,
extra_func,CD92,7,AUTO_DISCOVERED,,
extra_func,CD9C,7,AUTO_DISCOVERED,,
extra_func,CDFA,7,AUTO_DISCOVERED,,
extra_func,CF2E,7,AUTO_DISCOVERED,,
extra_func,CF4C,7,AUTO_DISCOVERED,,
extra_func,CF55,7,AUTO_DISCOVERED,,
extra_func,CF5D,7,AUTO_DISCOVERED,,
extra_func,CF6B,7,AUTO_DISCOVERED,,
extra_func,CF77,7,AUTO_DISCOVERED,,
extra_func,CF81,7,AUTO_DISCOVERED,,
extra_func,CFB7,7,AUTO_DISCOVERED,,
extra_func,CFC3,7,AUTO_DISCOVERED,,
extra_func,D002,7,AUTO_DISCOVERED,,
extra_func,D055,7,AUTO_DISCOVERED,,
extra_func,D09C,7,AUTO_DISCOVERED,,
extra_func,D0B5,7,AUTO_DISCOVERED,,
extra_func,D0E1,7,AUTO_DISCOVERED,,
extra_func,D147,7,AUTO_DISCOVERED,,
extra_func,D198,7,AUTO_DISCOVERED,,
extra_func,D1EE,7,AUTO_DISCOVERED,,
extra_func,D3A8,7,AUTO_DISCOVERED,,
extra_func,D41A,7,AUTO_DISCOVERED,,
extra_func,D41F,7,AUTO_DISCOVERED,,
extra_func,D423,7,AUTO_DISCOVERED,,
extra_func,D79F,7,AUTO_DISCOVERED,,
extra_func,D92C,7,AUTO_DISCOVERED,,
extra_func,DB2F,7,AUTO_DISCOVERED,,
extra_func,DB42,7,AUTO_DISCOVERED,,
extra_func,DC1C,7,AUTO_DISCOVERED,,
extra_func,DC67,7,AUTO_DISCOVERED,,
extra_func,DC7F,7,AUTO_DISCOVERED,,
extra_func,DC8F,7,AUTO_DISCOVERED,,
extra_func,DCC3,7,AUTO_DISCOVERED,,
extra_func,DE3D,7,AUTO_DISCOVERED,,
extra_func,DE4A,7,AUTO_DISCOVERED,,
extra_func,DF2D,7,AUTO_DISCOVERED,,
extra_func,DFDF,7,AUTO_DISCOVERED,,
extra_func,E038,7,AUTO_DISCOVERED,,
extra_func,E1E1,7,AUTO_DISCOVERED,,
extra_func,EAF4,7,AUTO_DISCOVERED,,
extra_func,F172,7,AUTO_DISCOVERED,,
extra_func,F186,7,AUTO_DISCOVERED,,
extra_func,F1A7,7,AUTO_DISCOVERED,,
extra_func,F518,7,AUTO_DISCOVERED,,
extra_func,F68D,7,AUTO_DISCOVERED,,
extra_func,F74B,7,AUTO_DISCOVERED,,
extra_func,FA1E,7,AUTO_DISCOVERED,,
extra_func,8068,0,AUTO_DISCOVERED,,
extra_func,806E,0,AUTO_DISCOVERED,,
extra_func,8071,0,AUTO_DISCOVERED,,
extra_func,80D0,0,AUTO_DISCOVERED,,
extra_func,80F9,0,AUTO_DISCOVERED,,
extra_func,8109,0,AUTO_DISCOVERED,,
extra_func,812C,0,AUTO_DISCOVERED,,
extra_func,8142,0,AUTO_DISCOVERED,,
extra_func,814D,0,AUTO_DISCOVERED,,
extra_func,8163,0,AUTO_DISCOVERED,,
extra_func,8180,0,LIKELY_BAD_SEED_OFF_BY_ONE_PLUS1,,
extra_func,8182,0,AUTO_DISCOVERED,,
extra_func,81D1,0,AUTO_DISCOVERED,,
extra_func,822E,0,AUTO_DISCOVERED,,
extra_func,8243,0,AUTO_DISCOVERED,,
extra_func,8263,0,AUTO_DISCOVERED,,
extra_func,8283,0,AUTO_DISCOVERED,,
extra_func,82A3,0,AUTO_DISCOVERED,,
extra_func,82ED,0,AUTO_DISCOVERED,,
extra_func,82F3,0,AUTO_DISCOVERED,,
extra_func,87CF,0,AUTO_DISCOVERED,,
extra_func,87D6,0,AUTO_DISCOVERED,,
extra_func,87D9,0,AUTO_DISCOVERED,,
extra_func,881A,0,AUTO_DISCOVERED,,
extra_func,8871,0,AUTO_DISCOVERED,,
extra_func,88FE,0,AUTO_DISCOVERED,,
extra_func,8963,0,AUTO_DISCOVERED,,
extra_func,8976,0,AUTO_DISCOVERED,,
extra_func,8988,0,MISSING,,
extra_func,8AA7,0,AUTO_DISCOVERED,,
extra_func,8B5F,0,AUTO_DISCOVERED,,
extra_func,8B79,0,AUTO_DISCOVERED,,
extra_func,8B9C,0,AUTO_DISCOVERED,,
extra_func,8C39,0,AUTO_DISCOVERED,,
extra_func,8C7A,0,AUTO_DISCOVERED,,
extra_func,8DDE,0,AUTO_DISCOVERED,,
extra_func,8E17,0,AUTO_DISCOVERED,,
extra_func,8E21,0,AUTO_DISCOVERED,,
extra_func,8E2D,0,AUTO_DISCOVERED,,
extra_func,8E4E,0,AUTO_DISCOVERED,,
extra_func,8F2D,0,AUTO_DISCOVERED,,
extra_func,8F33,0,AUTO_DISCOVERED,,
extra_func,8F46,0,AUTO_DISCOVERED,,
extra_func,8F5A,0,AUTO_DISCOVERED,,
extra_func,8F60,0,AUTO_DISCOVERED,,
extra_func,8FF1,0,AUTO_DISCOVERED,,
extra_func,9001,0,AUTO_DISCOVERED,,
extra_func,9011,0,AUTO_DISCOVERED,,
extra_func,909F,0,AUTO_DISCOVERED,,
extra_func,90BA,0,AUTO_DISCOVERED,,
extra_func,90D7,0,AUTO_DISCOVERED,,
extra_func,911A,0,AUTO_DISCOVERED,,
extra_func,9147,0,AUTO_DISCOVERED,,
extra_func,9359,0,AUTO_DISCOVERED,,
extra_func,9394,0,AUTO_DISCOVERED,,
extra_func,939E,0,AUTO_DISCOVERED,,
extra_func,93C6,0,AUTO_DISCOVERED,,
extra_func,940B,0,AUTO_DISCOVERED,,
extra_func,9449,0,AUTO_DISCOVERED,,
extra_func,9450,0,AUTO_DISCOVERED,,
extra_func,981E,0,AUTO_DISCOVERED,,
extra_func,9871,0,AUTO_DISCOVERED,,
extra_func,9A39,0,AUTO_DISCOVERED,,
extra_func,9AA7,0,AUTO_DISCOVERED,,
extra_func,9AD5,0,AUTO_DISCOVERED,,
extra_func,9B1C,0,AUTO_DISCOVERED,,
extra_func,9B34,0,AUTO_DISCOVERED,,
extra_func,9B93,0,AUTO_DISCOVERED,,
extra_func,9BCD,0,AUTO_DISCOVERED,,
extra_func,9BFC,0,AUTO_DISCOVERED,,
extra_func,B31B,0,LIKELY_BAD_SEED_OFF_BY_ONE_PLUS1,,
extra_func,B329,0,MISSING,,
extra_func,B33D,0,MISSING,,
extra_func,B352,0,MISSING,,
extra_func,B360,0,MISSING,,
extra_func,B374,0,MISSING,,
extra_func,B38C,0,MISSING,,
extra_func,B394,0,MISSING,,
extra_func,B3F0,0,MISSING,,
extra_func,B3FC,0,LIKELY_BAD_SEED_OFF_BY_ONE_PLUS1,,
extra_func,B40E,0,MISSING,,
extra_func,B452,0,MISSING,,
extra_func,B493,0,MISSING,,
extra_func,B4A2,0,MISSING,,
extra_func,B4A9,0,LIKELY_BAD_SEED_OFF_BY_ONE_PLUS1,,
extra_func,B4BD,0,LIKELY_BAD_SEED_OFF_BY_ONE_MINUS1,,
extra_func,B51E,0,AUTO_DISCOVERED,,
extra_func,B587,0,MISSING,,
extra_func,B5A5,0,MISSING,,
extra_func,B978,0,MISSING,,
extra_func,B98C,0,MISSING,,
extra_func,B9A0,0,MISSING,,
extra_func,B9E4,0,LIKELY_BAD_SEED_OFF_BY_ONE_PLUS1,,
extra_func,B9E5,0,MISSING,,
extra_func,B9F3,0,MISSING,,
extra_func,BA41,0,MISSING,,
extra_func,BC1C,0,LIKELY_BAD_SEED_DATA_REGION,,
extra_func,BC53,0,MISSING,,
extra_func,BC64,0,MISSING,,
extra_func,BC6D,0,MISSING,,
extra_func,BC7B,0,MISSING,,
extra_func,BCAA,0,AUTO_DISCOVERED,,
extra_func,BF19,0,LIKELY_BAD_SEED_DATA_REGION,,
extra_func,C000,0,LIKELY_BAD_SEED_WRONG_BANK,,
extra_func,BA70,1,MISSING,,
extra_func,BAD8,1,MISSING,,
extra_func,BA7B,1,MISSING,,
extra_func,BC27,1,LIKELY_BAD_SEED_DATA_REGION,,
extra_func,8009,1,AUTO_DISCOVERED,,
extra_func,800C,1,AUTO_DISCOVERED,,
extra_func,801B,1,AUTO_DISCOVERED,,
extra_func,801E,1,AUTO_DISCOVERED,,
extra_func,8024,1,AUTO_DISCOVERED,,
extra_func,8027,1,AUTO_DISCOVERED,,
extra_func,802A,1,AUTO_DISCOVERED,,
extra_func,802D,1,AUTO_DISCOVERED,,
extra_func,8030,1,AUTO_DISCOVERED,,
extra_func,8033,1,AUTO_DISCOVERED,,
extra_func,8036,1,AUTO_DISCOVERED,,
extra_func,8039,1,AUTO_DISCOVERED,,
extra_func,80B0,1,AUTO_DISCOVERED,,
extra_func,80B8,1,AUTO_DISCOVERED,,
extra_func,80FB,1,AUTO_DISCOVERED,,
extra_func,8134,1,AUTO_DISCOVERED,,
extra_func,816E,1,AUTO_DISCOVERED,,
extra_func,81B1,1,AUTO_DISCOVERED,,
extra_func,81B8,1,AUTO_DISCOVERED,,
extra_func,81C0,1,AUTO_DISCOVERED,,
extra_func,81C7,1,AUTO_DISCOVERED,,
extra_func,81F6,1,AUTO_DISCOVERED,,
extra_func,81FC,1,AUTO_DISCOVERED,,
extra_func,822B,1,AUTO_DISCOVERED,,
extra_func,8244,1,AUTO_DISCOVERED,,
extra_func,8318,1,AUTO_DISCOVERED,,
extra_func,83F5,1,AUTO_DISCOVERED,,
extra_func,844B,1,AUTO_DISCOVERED,,
extra_func,84A7,1,AUTO_DISCOVERED,,
extra_func,84FE,1,AUTO_DISCOVERED,,
extra_func,855A,1,AUTO_DISCOVERED,,
extra_func,8563,1,AUTO_DISCOVERED,,
extra_func,856B,1,AUTO_DISCOVERED,,
extra_func,86FD,1,LIKELY_BAD_SEED_DATA_REGION,,
extra_func,8701,1,LIKELY_BAD_SEED_DATA_REGION,,
extra_func,871F,1,LIKELY_BAD_SEED_DATA_REGION,,
extra_func,872B,1,LIKELY_BAD_SEED_DATA_REGION,,
extra_func,8737,1,LIKELY_BAD_SEED_DATA_REGION,,
extra_func,8747,1,LIKELY_BAD_SEED_DATA_REGION,,
extra_func,8749,1,LIKELY_BAD_SEED_DATA_REGION,,
extra_func,8751,1,LIKELY_BAD_SEED_DATA_REGION,,
extra_func,875D,1,LIKELY_BAD_SEED_DATA_REGION,,
extra_func,8775,1,LIKELY_BAD_SEED_DATA_REGION,,
extra_func,878D,1,LIKELY_BAD_SEED_DATA_REGION,,
extra_func,8791,1,LIKELY_BAD_SEED_DATA_REGION,,
extra_func,8799,1,LIKELY_BAD_SEED_DATA_REGION,,
extra_func,87A5,1,LIKELY_BAD_SEED_DATA_REGION,,
extra_func,87B1,1,LIKELY_BAD_SEED_DATA_REGION,,
extra_func,87CB,1,LIKELY_BAD_SEED_DATA_REGION,,
extra_func,87DD,1,LIKELY_BAD_SEED_DATA_REGION,,
extra_func,87F0,1,LIKELY_BAD_SEED_DATA_REGION,,
extra_func,8802,1,LIKELY_BAD_SEED_DATA_REGION,,
extra_func,8818,1,LIKELY_BAD_SEED_DATA_REGION,,
extra_func,882C,1,LIKELY_BAD_SEED_DATA_REGION,,
extra_func,883E,1,LIKELY_BAD_SEED_DATA_REGION,,
extra_func,8851,1,LIKELY_BAD_SEED_DATA_REGION,,
extra_func,8863,1,LIKELY_BAD_SEED_DATA_REGION,,
extra_func,8874,1,LIKELY_BAD_SEED_DATA_REGION,,
extra_func,8885,1,LIKELY_BAD_SEED_DATA_REGION,,
extra_func,888F,1,LIKELY_BAD_SEED_DATA_REGION,,
extra_func,8899,1,LIKELY_BAD_SEED_DATA_REGION,,
extra_func,88A3,1,LIKELY_BAD_SEED_DATA_REGION,,
extra_func,88AD,1,LIKELY_BAD_SEED_DATA_REGION,,
extra_func,88B8,1,LIKELY_BAD_SEED_DATA_REGION,,
extra_func,88C3,1,LIKELY_BAD_SEED_DATA_REGION,,
extra_func,88CE,1,LIKELY_BAD_SEED_DATA_REGION,,
extra_func,88D9,1,LIKELY_BAD_SEED_DATA_REGION,,
extra_func,88EE,1,LIKELY_BAD_SEED_DATA_REGION,,
extra_func,88F8,1,LIKELY_BAD_SEED_DATA_REGION,,
extra_func,88FE,1,LIKELY_BAD_SEED_DATA_REGION,,
extra_func,8904,1,LIKELY_BAD_SEED_DATA_REGION,,
extra_func,890A,1,LIKELY_BAD_SEED_DATA_REGION,,
extra_func,890F,1,LIKELY_BAD_SEED_DATA_REGION,,
extra_func,8914,1,LIKELY_BAD_SEED_DATA_REGION,,
extra_func,8928,1,LIKELY_BAD_SEED_DATA_REGION,,
extra_func,893C,1,LIKELY_BAD_SEED_DATA_REGION,,
extra_func,8948,1,LIKELY_BAD_SEED_DATA_REGION,,
extra_func,8954,1,LIKELY_BAD_SEED_DATA_REGION,,
extra_func,8961,1,LIKELY_BAD_SEED_DATA_REGION,,
extra_func,8974,1,LIKELY_BAD_SEED_DATA_REGION,,
extra_func,8987,1,LIKELY_BAD_SEED_DATA_REGION,,
extra_func,8995,1,LIKELY_BAD_SEED_DATA_REGION,,
extra_func,89A9,1,LIKELY_BAD_SEED_DATA_REGION,,
extra_func,89BE,1,LIKELY_BAD_SEED_DATA_REGION,,
extra_func,89D2,1,LIKELY_BAD_SEED_DATA_REGION,,
extra_func,89E6,1,LIKELY_BAD_SEED_DATA_REGION,,
extra_func,89FB,1,LIKELY_BAD_SEED_DATA_REGION,,
extra_func,8A0F,1,LIKELY_BAD_SEED_DATA_REGION,,
extra_func,8A1D,1,LIKELY_BAD_SEED_DATA_REGION,,
extra_func,8A21,1,LIKELY_BAD_SEED_DATA_REGION,,
extra_func,8A26,1,LIKELY_BAD_SEED_DATA_REGION,,
extra_func,8A3C,1,LIKELY_BAD_SEED_DATA_REGION,,
extra_func,8A41,1,LIKELY_BAD_SEED_DATA_REGION,,
extra_func,8A46,1,LIKELY_BAD_SEED_DATA_REGION,,
extra_func,8A4E,1,LIKELY_BAD_SEED_DATA_REGION,,
extra_func,8A56,1,LIKELY_BAD_SEED_DATA_REGION,,
extra_func,8A5E,1,LIKELY_BAD_SEED_DATA_REGION,,
extra_func,8A66,1,LIKELY_BAD_SEED_DATA_REGION,,
extra_func,8A6E,1,LIKELY_BAD_SEED_DATA_REGION,,
extra_func,8A76,1,LIKELY_BAD_SEED_DATA_REGION,,
extra_func,8A7E,1,LIKELY_BAD_SEED_DATA_REGION,,
extra_func,8A86,1,LIKELY_BAD_SEED_DATA_REGION,,
extra_func,8A8E,1,LIKELY_BAD_SEED_DATA_REGION,,
extra_func,8A9C,1,LIKELY_BAD_SEED_DATA_REGION,,
extra_func,8AA1,1,LIKELY_BAD_SEED_DATA_REGION,,
extra_func,8AA6,1,LIKELY_BAD_SEED_DATA_REGION,,
extra_func,8AAE,1,LIKELY_BAD_SEED_DATA_REGION,,
extra_func,8ABA,1,LIKELY_BAD_SEED_DATA_REGION,,
extra_func,8AC4,1,LIKELY_BAD_SEED_DATA_REGION,,
extra_func,8AD8,1,LIKELY_BAD_SEED_DATA_REGION,,
extra_func,8AE9,1,LIKELY_BAD_SEED_DATA_REGION,,
extra_func,8AF3,1,LIKELY_BAD_SEED_DATA_REGION,,
extra_func,8B03,1,LIKELY_BAD_SEED_DATA_REGION,,
extra_func,8B53,1,AUTO_DISCOVERED,,
extra_func,8B74,1,AUTO_DISCOVERED,,
extra_func,8B87,1,AUTO_DISCOVERED,,
extra_func,8B9D,1,AUTO_DISCOVERED,,
extra_func,8BD5,1,AUTO_DISCOVERED,,
extra_func,8C01,1,AUTO_DISCOVERED,,
extra_func,8C76,1,AUTO_DISCOVERED,,
extra_func,8C84,1,AUTO_DISCOVERED,,
extra_func,8CC6,1,AUTO_DISCOVERED,,
extra_func,8CF0,1,AUTO_DISCOVERED,,
extra_func,8CF7,1,AUTO_DISCOVERED,,
extra_func,8CFB,1,AUTO_DISCOVERED,,
extra_func,95C6,1,MISSING,,
extra_func,99B8,1,MISSING,,
extra_func,99FA,1,MISSING,,
extra_func,9A44,1,MISSING,,
extra_func,9A49,1,MISSING,,
extra_func,9A4C,1,MISSING,,
extra_func,9A8F,1,MISSING,,
extra_func,9AA8,1,MISSING,,
extra_func,9ABD,1,MISSING,,
extra_func,9AC6,1,MISSING,,
extra_func,9ADA,1,MISSING,,
extra_func,9AE2,1,MISSING,,
extra_func,9C1D,1,MISSING,,
extra_func,9C2A,1,MISSING,,
extra_func,9C96,1,MISSING,,
extra_func,9CA8,1,MISSING,,
extra_func,9CCC,1,LIKELY_BAD_SEED_DATA_REGION,,
extra_func,9D05,1,MISSING,,
extra_func,B3F0,1,MISSING,,
extra_func,B3FC,1,LIKELY_BAD_SEED_OFF_BY_ONE_PLUS1,,
extra_func,B40E,1,MISSING,,
extra_func,B452,1,MISSING,,
extra_func,B493,1,MISSING,,
extra_func,B4A2,1,MISSING,,
extra_func,B4A9,1,LIKELY_BAD_SEED_OFF_BY_ONE_PLUS1,,
extra_func,B4BD,1,LIKELY_BAD_SEED_OFF_BY_ONE_MINUS1,,
extra_func,B51E,1,AUTO_DISCOVERED,,
extra_func,B53F,1,MISSING,,
extra_func,B546,1,MISSING,,
extra_func,B55B,1,MISSING,,
extra_func,B569,1,MISSING,,
extra_func,B587,1,MISSING,,
extra_func,B59E,1,MISSING,,
extra_func,B5A5,1,MISSING,,
extra_func,B5AB,1,MISSING,,
extra_func,B5B3,1,MISSING,,
extra_func,B5BA,1,MISSING,,
extra_func,B5C7,1,MISSING,,
extra_func,B5C8,1,MISSING,,
extra_func,B61C,1,AUTO_DISCOVERED,,
extra_func,B626,1,AUTO_DISCOVERED,,
extra_func,B680,1,AUTO_DISCOVERED,,
extra_func,B6A3,1,AUTO_DISCOVERED,,
extra_func,B6C5,1,AUTO_DISCOVERED,,
extra_func,B6D1,1,AUTO_DISCOVERED,,
extra_func,B6E0,1,AUTO_DISCOVERED,,
extra_func,B6FD,1,MISSING,,
extra_func,B703,1,AUTO_DISCOVERED,,
extra_func,B717,1,MISSING,,
extra_func,B71D,1,AUTO_DISCOVERED,,
extra_func,B733,1,MISSING,,
extra_func,B740,1,MISSING,,
extra_func,B746,1,MISSING,,
extra_func,B765,1,MISSING,,
extra_func,B76C,1,MISSING,,
extra_func,B77F,1,AUTO_DISCOVERED,,
extra_func,B7AA,1,MISSING,,
extra_func,B7B1,1,AUTO_DISCOVERED,,
extra_func,B7D6,1,AUTO_DISCOVERED,,
extra_func,B7DC,1,AUTO_DISCOVERED,,
extra_func,B7FB,1,AUTO_DISCOVERED,,
extra_func,B809,1,AUTO_DISCOVERED,,
extra_func,B817,1,AUTO_DISCOVERED,,
extra_func,B81F,1,AUTO_DISCOVERED,,
extra_func,B83E,1,AUTO_DISCOVERED,,
extra_func,B864,1,AUTO_DISCOVERED,,
extra_func,B87F,1,AUTO_DISCOVERED,,
extra_func,B8A8,1,AUTO_DISCOVERED,,
extra_func,B8AF,1,AUTO_DISCOVERED,,
extra_func,B8D7,1,AUTO_DISCOVERED,,
extra_func,B8E1,1,AUTO_DISCOVERED,,
extra_func,B902,1,AUTO_DISCOVERED,,
extra_func,B91D,1,AUTO_DISCOVERED,,
extra_func,B951,1,AUTO_DISCOVERED,,
extra_func,B970,1,AUTO_DISCOVERED,,
extra_func,B978,1,MISSING,,
extra_func,B98C,1,MISSING,,
extra_func,B9A0,1,MISSING,,
extra_func,B9E4,1,LIKELY_BAD_SEED_OFF_BY_ONE_PLUS1,,
extra_func,B9E5,1,MISSING,,
extra_func,B9F3,1,MISSING,,
extra_func,BA41,1,MISSING,,
extra_func,BCA7,1,MISSING,,
extra_func,BCAD,1,MISSING,,
extra_func,BCB0,1,LIKELY_BAD_SEED_DATA_REGION,,
extra_func,BCB3,1,LIKELY_BAD_SEED_DATA_REGION,,
extra_func,BC1C,1,LIKELY_BAD_SEED_DATA_REGION,,
extra_func,BC53,1,MISSING,,
extra_func,BC64,1,MISSING,,
extra_func,BF19,1,LIKELY_BAD_SEED_DATA_REGION,,
extra_func,C2BF,1,LIKELY_BAD_SEED_WRONG_BANK,,
extra_func,C2C0,1,LIKELY_BAD_SEED_WRONG_BANK,,
extra_func,C2C5,1,LIKELY_BAD_SEED_WRONG_BANK,,
extra_func,C3D4,1,LIKELY_BAD_SEED_WRONG_BANK,,
extra_func,CB73,1,LIKELY_BAD_SEED_WRONG_BANK,,
extra_func,CBDA,1,LIKELY_BAD_SEED_WRONG_BANK,,
extra_func,CC03,1,LIKELY_BAD_SEED_WRONG_BANK,,
extra_func,CC07,1,LIKELY_BAD_SEED_WRONG_BANK,,
extra_func,D2FD,1,LIKELY_BAD_SEED_WRONG_BANK,,
extra_func,DC1E,1,LIKELY_BAD_SEED_WRONG_BANK,,
extra_func,E449,1,LIKELY_BAD_SEED_WRONG_BANK,,
extra_func,E770,1,LIKELY_BAD_SEED_WRONG_BANK,,
extra_func,E77B,1,LIKELY_BAD_SEED_WRONG_BANK,,
extra_func,E8F1,1,LIKELY_BAD_SEED_WRONG_BANK,,
extra_func,E8FC,1,LIKELY_BAD_SEED_WRONG_BANK,,
extra_func,E96A,1,LIKELY_BAD_SEED_WRONG_BANK,,
extra_func,F744,1,LIKELY_BAD_SEED_WRONG_BANK,,
extra_func,F74B,1,LIKELY_BAD_SEED_WRONG_BANK,,
extra_func,8009,2,AUTO_DISCOVERED,,
extra_func,800C,2,AUTO_DISCOVERED,,
extra_func,800F,2,AUTO_DISCOVERED,,
extra_func,801B,2,AUTO_DISCOVERED,,
extra_func,801E,2,AUTO_DISCOVERED,,
extra_func,8021,2,AUTO_DISCOVERED,,
extra_func,8024,2,AUTO_DISCOVERED,,
extra_func,8027,2,AUTO_DISCOVERED,,
extra_func,802A,2,AUTO_DISCOVERED,,
extra_func,8036,2,AUTO_DISCOVERED,,
extra_func,8039,2,AUTO_DISCOVERED,,
extra_func,80B0,2,AUTO_DISCOVERED,,
extra_func,80B8,2,AUTO_DISCOVERED,,
extra_func,80FB,2,AUTO_DISCOVERED,,
extra_func,8134,2,AUTO_DISCOVERED,,
extra_func,816E,2,AUTO_DISCOVERED,,
extra_func,81B1,2,AUTO_DISCOVERED,,
extra_func,81B8,2,AUTO_DISCOVERED,,
extra_func,81C0,2,AUTO_DISCOVERED,,
extra_func,81C7,2,AUTO_DISCOVERED,,
extra_func,81F6,2,AUTO_DISCOVERED,,
extra_func,81FC,2,AUTO_DISCOVERED,,
extra_func,822B,2,AUTO_DISCOVERED,,
extra_func,8244,2,AUTO_DISCOVERED,,
extra_func,8318,2,AUTO_DISCOVERED,,
extra_func,83F5,2,AUTO_DISCOVERED,,
extra_func,844B,2,AUTO_DISCOVERED,,
extra_func,84A7,2,AUTO_DISCOVERED,,
extra_func,84FE,2,AUTO_DISCOVERED,,
extra_func,855A,2,AUTO_DISCOVERED,,
extra_func,8563,2,AUTO_DISCOVERED,,
extra_func,856B,2,AUTO_DISCOVERED,,
extra_func,8B53,2,AUTO_DISCOVERED,,
extra_func,8B74,2,AUTO_DISCOVERED,,
extra_func,8B87,2,AUTO_DISCOVERED,,
extra_func,8B9D,2,AUTO_DISCOVERED,,
extra_func,8BD5,2,AUTO_DISCOVERED,,
extra_func,8C01,2,AUTO_DISCOVERED,,
extra_func,8C76,2,AUTO_DISCOVERED,,
extra_func,8C84,2,AUTO_DISCOVERED,,
extra_func,8CC6,2,AUTO_DISCOVERED,,
extra_func,8CF0,2,AUTO_DISCOVERED,,
extra_func,8CF7,2,AUTO_DISCOVERED,,
extra_func,8CFB,2,AUTO_DISCOVERED,,
extra_func,95C6,2,AUTO_DISCOVERED,,
extra_func,98F4,2,AUTO_DISCOVERED,,
extra_func,9954,2,AUTO_DISCOVERED,,
extra_func,99DC,2,AUTO_DISCOVERED,,
extra_func,99F5,2,AUTO_DISCOVERED,,
extra_func,9A0A,2,AUTO_DISCOVERED,,
extra_func,9A13,2,AUTO_DISCOVERED,,
extra_func,9A27,2,AUTO_DISCOVERED,,
extra_func,9A2F,2,AUTO_DISCOVERED,,
extra_func,9A42,2,AUTO_DISCOVERED,,
extra_func,9A52,2,AUTO_DISCOVERED,,
extra_func,B3F0,2,MISSING,,
extra_func,B3FC,2,LIKELY_BAD_SEED_OFF_BY_ONE_PLUS1,,
extra_func,B40E,2,MISSING,,
extra_func,B452,2,MISSING,,
extra_func,B493,2,MISSING,,
extra_func,B4A2,2,MISSING,,
extra_func,B4A9,2,LIKELY_BAD_SEED_OFF_BY_ONE_PLUS1,,
extra_func,B4BD,2,LIKELY_BAD_SEED_OFF_BY_ONE_MINUS1,,
extra_func,B587,2,MISSING,,
extra_func,B5A5,2,MISSING,,
extra_func,B978,2,MISSING,,
extra_func,B98C,2,MISSING,,
extra_func,B9A0,2,MISSING,,
extra_func,B9E4,2,LIKELY_BAD_SEED_OFF_BY_ONE_PLUS1,,
extra_func,B9E5,2,MISSING,,
extra_func,B9F3,2,MISSING,,
extra_func,BA41,2,MISSING,,
extra_func,BC1C,2,LIKELY_BAD_SEED_DATA_REGION,,
extra_func,BC53,2,MISSING,,
extra_func,BC64,2,MISSING,,
extra_func,BF19,2,LIKELY_BAD_SEED_DATA_REGION,,
extra_func,C2BF,2,LIKELY_BAD_SEED_WRONG_BANK,,
extra_func,C2C0,2,LIKELY_BAD_SEED_WRONG_BANK,,
extra_func,C2C5,2,LIKELY_BAD_SEED_WRONG_BANK,,
extra_func,C3D4,2,LIKELY_BAD_SEED_WRONG_BANK,,
extra_func,CB73,2,LIKELY_BAD_SEED_WRONG_BANK,,
extra_func,CBDA,2,LIKELY_BAD_SEED_WRONG_BANK,,
extra_func,CC03,2,LIKELY_BAD_SEED_WRONG_BANK,,
extra_func,CC07,2,LIKELY_BAD_SEED_WRONG_BANK,,
extra_func,D2FD,2,LIKELY_BAD_SEED_WRONG_BANK,,
extra_func,DC1E,2,LIKELY_BAD_SEED_WRONG_BANK,,
extra_func,E449,2,LIKELY_BAD_SEED_WRONG_BANK,,
extra_func,E770,2,LIKELY_BAD_SEED_WRONG_BANK,,
extra_func,E77B,2,LIKELY_BAD_SEED_WRONG_BANK,,
extra_func,E8F1,2,LIKELY_BAD_SEED_WRONG_BANK,,
extra_func,E8FC,2,LIKELY_BAD_SEED_WRONG_BANK,,
extra_func,E96A,2,LIKELY_BAD_SEED_WRONG_BANK,,
extra_func,F744,2,LIKELY_BAD_SEED_WRONG_BANK,,
extra_func,F74B,2,LIKELY_BAD_SEED_WRONG_BANK,,
extra_func,8024,3,AUTO_DISCOVERED,,
extra_func,8027,3,AUTO_DISCOVERED,,
extra_func,802A,3,AUTO_DISCOVERED,,
extra_func,803C,3,AUTO_DISCOVERED,,
extra_func,803F,3,AUTO_DISCOVERED,,
extra_func,8042,3,AUTO_DISCOVERED,,
extra_func,8045,3,AUTO_DISCOVERED,,
extra_func,80B0,3,AUTO_DISCOVERED,,
extra_func,80B8,3,AUTO_DISCOVERED,,
extra_func,80FB,3,AUTO_DISCOVERED,,
extra_func,8134,3,AUTO_DISCOVERED,,
extra_func,816E,3,AUTO_DISCOVERED,,
extra_func,81B1,3,AUTO_DISCOVERED,,
extra_func,81B8,3,AUTO_DISCOVERED,,
extra_func,81C0,3,AUTO_DISCOVERED,,
extra_func,81C7,3,AUTO_DISCOVERED,,
extra_func,81F6,3,AUTO_DISCOVERED,,
extra_func,81FC,3,AUTO_DISCOVERED,,
extra_func,822B,3,AUTO_DISCOVERED,,
extra_func,8244,3,AUTO_DISCOVERED,,
extra_func,8318,3,AUTO_DISCOVERED,,
extra_func,83F5,3,AUTO_DISCOVERED,,
extra_func,844B,3,AUTO_DISCOVERED,,
extra_func,84A7,3,AUTO_DISCOVERED,,
extra_func,84FE,3,AUTO_DISCOVERED,,
extra_func,855A,3,AUTO_DISCOVERED,,
extra_func,8563,3,AUTO_DISCOVERED,,
extra_func,856B,3,AUTO_DISCOVERED,,
extra_func,8B53,3,AUTO_DISCOVERED,,
extra_func,8B74,3,AUTO_DISCOVERED,,
extra_func,8B87,3,AUTO_DISCOVERED,,
extra_func,8B9D,3,AUTO_DISCOVERED,,
extra_func,8BD5,3,AUTO_DISCOVERED,,
extra_func,8C01,3,AUTO_DISCOVERED,,
extra_func,8C76,3,AUTO_DISCOVERED,,
extra_func,8C84,3,AUTO_DISCOVERED,,
extra_func,8CC6,3,AUTO_DISCOVERED,,
extra_func,8CF0,3,AUTO_DISCOVERED,,
extra_func,8CF7,3,AUTO_DISCOVERED,,
extra_func,8CFB,3,AUTO_DISCOVERED,,
extra_func,95C6,3,AUTO_DISCOVERED,,
extra_func,99AE,3,AUTO_DISCOVERED,,
extra_func,99B1,3,AUTO_DISCOVERED,,
extra_func,99B7,3,AUTO_DISCOVERED,,
extra_func,99BD,3,AUTO_DISCOVERED,,
extra_func,99C3,3,AUTO_DISCOVERED,,
extra_func,99D1,3,MISSING,,
extra_func,99E4,3,AUTO_DISCOVERED,,
extra_func,99F4,3,AUTO_DISCOVERED,,
extra_func,9A06,3,MISSING,,
extra_func,9A10,3,AUTO_DISCOVERED,,
extra_func,9AF9,3,MISSING,,
extra_func,9B1B,3,AUTO_DISCOVERED,,
extra_func,9B20,3,AUTO_DISCOVERED,,
extra_func,9B37,3,AUTO_DISCOVERED,,
extra_func,9B44,3,AUTO_DISCOVERED,,
extra_func,9B70,3,AUTO_DISCOVERED,,
extra_func,9BAF,3,AUTO_DISCOVERED,,
extra_func,9C4D,3,AUTO_DISCOVERED,,
extra_func,9CD6,3,AUTO_DISCOVERED,,
extra_func,9D64,3,AUTO_DISCOVERED,,
extra_func,9D75,3,AUTO_DISCOVERED,,
extra_func,9D88,3,AUTO_DISCOVERED,,
extra_func,9DD4,3,AUTO_DISCOVERED,,
extra_func,9DF2,3,LIKELY_BAD_SEED_DATA_REGION,,
extra_func,9E43,3,MISSING,,
extra_func,9EE7,3,AUTO_DISCOVERED,,
extra_func,9EF9,3,AUTO_DISCOVERED,,
extra_func,9F69,3,MISSING,,
extra_func,9FED,3,MISSING,,
extra_func,A01B,3,MISSING,,
extra_func,A02E,3,MISSING,,
extra_func,A041,3,MISSING,,
extra_func,A072,3,MISSING,,
extra_func,A16B,3,AUTO_DISCOVERED,,
extra_func,A1E7,3,AUTO_DISCOVERED,,
extra_func,A238,3,AUTO_DISCOVERED,,
extra_func,A28B,3,AUTO_DISCOVERED,,
extra_func,A29B,3,AUTO_DISCOVERED,,
extra_func,B3F0,3,MISSING,,
extra_func,B3FC,3,LIKELY_BAD_SEED_OFF_BY_ONE_PLUS1,,
extra_func,B40E,3,MISSING,,
extra_func,B452,3,MISSING,,
extra_func,B493,3,MISSING,,
extra_func,B4A2,3,MISSING,,
extra_func,B4A9,3,LIKELY_BAD_SEED_OFF_BY_ONE_PLUS1,,
extra_func,B4BD,3,LIKELY_BAD_SEED_OFF_BY_ONE_MINUS1,,
extra_func,B587,3,MISSING,,
extra_func,B5A5,3,MISSING,,
extra_func,B978,3,MISSING,,
extra_func,B98C,3,MISSING,,
extra_func,B9A0,3,MISSING,,
extra_func,B9E4,3,LIKELY_BAD_SEED_OFF_BY_ONE_PLUS1,,
extra_func,B9E5,3,MISSING,,
extra_func,B9F3,3,MISSING,,
extra_func,BA41,3,MISSING,,
extra_func,BB22,3,AUTO_DISCOVERED,,
extra_func,BC1C,3,LIKELY_BAD_SEED_DATA_REGION,,
extra_func,BC53,3,MISSING,,
extra_func,BC64,3,MISSING,,
extra_func,BF19,3,LIKELY_BAD_SEED_DATA_REGION,,
extra_func,C2BF,3,LIKELY_BAD_SEED_WRONG_BANK,,
extra_func,C2C0,3,LIKELY_BAD_SEED_WRONG_BANK,,
extra_func,C2C5,3,LIKELY_BAD_SEED_WRONG_BANK,,
extra_func,C3D4,3,LIKELY_BAD_SEED_WRONG_BANK,,
extra_func,CB73,3,LIKELY_BAD_SEED_WRONG_BANK,,
extra_func,CBDA,3,LIKELY_BAD_SEED_WRONG_BANK,,
extra_func,CC03,3,LIKELY_BAD_SEED_WRONG_BANK,,
extra_func,CC07,3,LIKELY_BAD_SEED_WRONG_BANK,,
extra_func,D2FD,3,LIKELY_BAD_SEED_WRONG_BANK,,
extra_func,DC1E,3,LIKELY_BAD_SEED_WRONG_BANK,,
extra_func,E449,3,LIKELY_BAD_SEED_WRONG_BANK,,
extra_func,E770,3,LIKELY_BAD_SEED_WRONG_BANK,,
extra_func,E77B,3,LIKELY_BAD_SEED_WRONG_BANK,,
extra_func,E8F1,3,LIKELY_BAD_SEED_WRONG_BANK,,
extra_func,E8FC,3,LIKELY_BAD_SEED_WRONG_BANK,,
extra_func,E96A,3,LIKELY_BAD_SEED_WRONG_BANK,,
extra_func,F744,3,LIKELY_BAD_SEED_WRONG_BANK,,
extra_func,F74B,3,LIKELY_BAD_SEED_WRONG_BANK,,
extra_func,8009,4,AUTO_DISCOVERED,,
extra_func,800C,4,AUTO_DISCOVERED,,
extra_func,801B,4,AUTO_DISCOVERED,,
extra_func,801E,4,AUTO_DISCOVERED,,
extra_func,8024,4,AUTO_DISCOVERED,,
extra_func,8027,4,AUTO_DISCOVERED,,
extra_func,802A,4,AUTO_DISCOVERED,,
extra_func,802D,4,AUTO_DISCOVERED,,
extra_func,8030,4,AUTO_DISCOVERED,,
extra_func,8033,4,AUTO_DISCOVERED,,
extra_func,8036,4,AUTO_DISCOVERED,,
extra_func,8039,4,AUTO_DISCOVERED,,
extra_func,80B0,4,AUTO_DISCOVERED,,
extra_func,80B8,4,AUTO_DISCOVERED,,
extra_func,80FB,4,AUTO_DISCOVERED,,
extra_func,8134,4,AUTO_DISCOVERED,,
extra_func,816E,4,AUTO_DISCOVERED,,
extra_func,81B1,4,AUTO_DISCOVERED,,
extra_func,81B8,4,AUTO_DISCOVERED,,
extra_func,81C0,4,AUTO_DISCOVERED,,
extra_func,81C7,4,AUTO_DISCOVERED,,
extra_func,81F6,4,AUTO_DISCOVERED,,
extra_func,81FC,4,AUTO_DISCOVERED,,
extra_func,822B,4,AUTO_DISCOVERED,,
extra_func,8244,4,AUTO_DISCOVERED,,
extra_func,8318,4,AUTO_DISCOVERED,,
extra_func,83F5,4,AUTO_DISCOVERED,,
extra_func,844B,4,AUTO_DISCOVERED,,
extra_func,84A7,4,AUTO_DISCOVERED,,
extra_func,84FE,4,AUTO_DISCOVERED,,
extra_func,855A,4,AUTO_DISCOVERED,,
extra_func,8563,4,AUTO_DISCOVERED,,
extra_func,856B,4,AUTO_DISCOVERED,,
extra_func,8B53,4,AUTO_DISCOVERED,,
extra_func,8B74,4,AUTO_DISCOVERED,,
extra_func,8B87,4,AUTO_DISCOVERED,,
extra_func,8B9D,4,AUTO_DISCOVERED,,
extra_func,8BD5,4,AUTO_DISCOVERED,,
extra_func,8C01,4,AUTO_DISCOVERED,,
extra_func,8C76,4,AUTO_DISCOVERED,,
extra_func,8C84,4,AUTO_DISCOVERED,,
extra_func,8CC6,4,AUTO_DISCOVERED,,
extra_func,8CF0,4,AUTO_DISCOVERED,,
extra_func,8CF7,4,AUTO_DISCOVERED,,
extra_func,8CFB,4,AUTO_DISCOVERED,,
extra_func,99DE,4,AUTO_DISCOVERED,,
extra_func,99F7,4,AUTO_DISCOVERED,,
extra_func,9A0C,4,AUTO_DISCOVERED,,
extra_func,9A15,4,AUTO_DISCOVERED,,
extra_func,9A29,4,AUTO_DISCOVERED,,
extra_func,9A31,4,AUTO_DISCOVERED,,
extra_func,9B2F,4,AUTO_DISCOVERED,,
extra_func,9B3C,4,AUTO_DISCOVERED,,
extra_func,9BAA,4,AUTO_DISCOVERED,,
extra_func,9BBC,4,AUTO_DISCOVERED,,
extra_func,9BE0,4,AUTO_DISCOVERED,,
extra_func,9C19,4,AUTO_DISCOVERED,,
extra_func,B3F0,4,MISSING,,
extra_func,B3FC,4,LIKELY_BAD_SEED_OFF_BY_ONE_PLUS1,,
extra_func,B40E,4,MISSING,,
extra_func,B452,4,MISSING,,
extra_func,B493,4,MISSING,,
extra_func,B4A2,4,MISSING,,
extra_func,B4A9,4,LIKELY_BAD_SEED_OFF_BY_ONE_PLUS1,,
extra_func,B4BD,4,LIKELY_BAD_SEED_OFF_BY_ONE_MINUS1,,
extra_func,B587,4,MISSING,,
extra_func,B5A5,4,MISSING,,
extra_func,B978,4,MISSING,,
extra_func,B98C,4,MISSING,,
extra_func,B9A0,4,MISSING,,
extra_func,B9E4,4,LIKELY_BAD_SEED_OFF_BY_ONE_PLUS1,,
extra_func,B9E5,4,MISSING,,
extra_func,B9F3,4,MISSING,,
extra_func,BA41,4,MISSING,,
extra_func,BB22,4,AUTO_DISCOVERED,,
extra_func,BC1C,4,LIKELY_BAD_SEED_DATA_REGION,,
extra_func,BC53,4,MISSING,,
extra_func,BC64,4,MISSING,,
extra_func,BF19,4,LIKELY_BAD_SEED_DATA_REGION,,
extra_func,C2BF,4,LIKELY_BAD_SEED_WRONG_BANK,,
extra_func,C2C0,4,LIKELY_BAD_SEED_WRONG_BANK,,
extra_func,C2C5,4,LIKELY_BAD_SEED_WRONG_BANK,,
extra_func,C3D4,4,LIKELY_BAD_SEED_WRONG_BANK,,
extra_func,CB73,4,LIKELY_BAD_SEED_WRONG_BANK,,
extra_func,CBDA,4,LIKELY_BAD_SEED_WRONG_BANK,,
extra_func,CC03,4,LIKELY_BAD_SEED_WRONG_BANK,,
extra_func,CC07,4,LIKELY_BAD_SEED_WRONG_BANK,,
extra_func,D2FD,4,LIKELY_BAD_SEED_WRONG_BANK,,
extra_func,DC1E,4,LIKELY_BAD_SEED_WRONG_BANK,,
extra_func,E449,4,LIKELY_BAD_SEED_WRONG_BANK,,
extra_func,E770,4,LIKELY_BAD_SEED_WRONG_BANK,,
extra_func,E77B,4,LIKELY_BAD_SEED_WRONG_BANK,,
extra_func,E8F1,4,LIKELY_BAD_SEED_WRONG_BANK,,
extra_func,E8FC,4,LIKELY_BAD_SEED_WRONG_BANK,,
extra_func,E96A,4,LIKELY_BAD_SEED_WRONG_BANK,,
extra_func,F744,4,LIKELY_BAD_SEED_WRONG_BANK,,
extra_func,F74B,4,LIKELY_BAD_SEED_WRONG_BANK,,
extra_func,8009,5,AUTO_DISCOVERED,,
extra_func,800C,5,AUTO_DISCOVERED,,
extra_func,801B,5,AUTO_DISCOVERED,,
extra_func,801E,5,AUTO_DISCOVERED,,
extra_func,8024,5,AUTO_DISCOVERED,,
extra_func,8027,5,AUTO_DISCOVERED,,
extra_func,802A,5,AUTO_DISCOVERED,,
extra_func,8036,5,AUTO_DISCOVERED,,
extra_func,8039,5,AUTO_DISCOVERED,,
extra_func,80B0,5,AUTO_DISCOVERED,,
extra_func,80B8,5,AUTO_DISCOVERED,,
extra_func,80FB,5,AUTO_DISCOVERED,,
extra_func,8134,5,AUTO_DISCOVERED,,
extra_func,816E,5,AUTO_DISCOVERED,,
extra_func,81B1,5,AUTO_DISCOVERED,,
extra_func,81B8,5,AUTO_DISCOVERED,,
extra_func,81C0,5,AUTO_DISCOVERED,,
extra_func,81C7,5,AUTO_DISCOVERED,,
extra_func,81F6,5,AUTO_DISCOVERED,,
extra_func,81FC,5,AUTO_DISCOVERED,,
extra_func,822B,5,AUTO_DISCOVERED,,
extra_func,8244,5,AUTO_DISCOVERED,,
extra_func,8318,5,AUTO_DISCOVERED,,
extra_func,83F5,5,AUTO_DISCOVERED,,
extra_func,844B,5,AUTO_DISCOVERED,,
extra_func,84A7,5,AUTO_DISCOVERED,,
extra_func,84FE,5,AUTO_DISCOVERED,,
extra_func,855A,5,AUTO_DISCOVERED,,
extra_func,8563,5,AUTO_DISCOVERED,,
extra_func,856B,5,AUTO_DISCOVERED,,
extra_func,871C,5,LIKELY_BAD_SEED_DATA_REGION,,
extra_func,8B53,5,AUTO_DISCOVERED,,
extra_func,8B74,5,AUTO_DISCOVERED,,
extra_func,8B87,5,AUTO_DISCOVERED,,
extra_func,8B9D,5,AUTO_DISCOVERED,,
extra_func,8BD5,5,AUTO_DISCOVERED,,
extra_func,8C01,5,AUTO_DISCOVERED,,
extra_func,8C76,5,AUTO_DISCOVERED,,
extra_func,8C84,5,AUTO_DISCOVERED,,
extra_func,8CC6,5,AUTO_DISCOVERED,,
extra_func,8CF0,5,AUTO_DISCOVERED,,
extra_func,8CF7,5,AUTO_DISCOVERED,,
extra_func,8CFB,5,AUTO_DISCOVERED,,
extra_func,95C6,5,MISSING,,
extra_func,9830,5,MISSING,,
extra_func,98F8,5,MISSING,,
extra_func,9958,5,MISSING,,
extra_func,99AD,5,LIKELY_BAD_SEED_DATA_REGION,,
extra_func,99C6,5,MISSING,,
extra_func,99DB,5,MISSING,,
extra_func,99E4,5,MISSING,,
extra_func,99F8,5,MISSING,,
extra_func,9A00,5,MISSING,,
extra_func,9A79,5,MISSING,,
extra_func,9AE1,5,AUTO_DISCOVERED,,
extra_func,9AF1,5,AUTO_DISCOVERED,,
extra_func,B3F0,5,MISSING,,
extra_func,B3FC,5,LIKELY_BAD_SEED_OFF_BY_ONE_PLUS1,,
extra_func,B40E,5,MISSING,,
extra_func,B452,5,MISSING,,
extra_func,B493,5,MISSING,,
extra_func,B4A2,5,MISSING,,
extra_func,B4A9,5,LIKELY_BAD_SEED_OFF_BY_ONE_PLUS1,,
extra_func,B4BD,5,LIKELY_BAD_SEED_OFF_BY_ONE_MINUS1,,
extra_func,B587,5,MISSING,,
extra_func,B5A5,5,MISSING,,
extra_func,B978,5,MISSING,,
extra_func,B98C,5,MISSING,,
extra_func,B9A0,5,MISSING,,
extra_func,B9E4,5,LIKELY_BAD_SEED_OFF_BY_ONE_PLUS1,,
extra_func,B9E5,5,MISSING,,
extra_func,B9F3,5,MISSING,,
extra_func,BA41,5,MISSING,,
extra_func,BB22,5,AUTO_DISCOVERED,,
extra_func,BC1C,5,LIKELY_BAD_SEED_DATA_REGION,,
extra_func,BC53,5,MISSING,,
extra_func,BC64,5,MISSING,,
extra_func,BF19,5,LIKELY_BAD_SEED_DATA_REGION,,
extra_func,C2BF,5,LIKELY_BAD_SEED_WRONG_BANK,,
extra_func,C2C0,5,LIKELY_BAD_SEED_WRONG_BANK,,
extra_func,C2C5,5,LIKELY_BAD_SEED_WRONG_BANK,,
extra_func,C3D4,5,LIKELY_BAD_SEED_WRONG_BANK,,
extra_func,CB73,5,LIKELY_BAD_SEED_WRONG_BANK,,
extra_func,CBDA,5,LIKELY_BAD_SEED_WRONG_BANK,,
extra_func,CC03,5,LIKELY_BAD_SEED_WRONG_BANK,,
extra_func,CC07,5,LIKELY_BAD_SEED_WRONG_BANK,,
extra_func,D2FD,5,LIKELY_BAD_SEED_WRONG_BANK,,
extra_func,DC1E,5,LIKELY_BAD_SEED_WRONG_BANK,,
extra_func,E449,5,LIKELY_BAD_SEED_WRONG_BANK,,
extra_func,E770,5,LIKELY_BAD_SEED_WRONG_BANK,,
extra_func,E77B,5,LIKELY_BAD_SEED_WRONG_BANK,,
extra_func,E8F1,5,LIKELY_BAD_SEED_WRONG_BANK,,
extra_func,E8FC,5,LIKELY_BAD_SEED_WRONG_BANK,,
extra_func,E96A,5,LIKELY_BAD_SEED_WRONG_BANK,,
extra_func,F744,5,LIKELY_BAD_SEED_WRONG_BANK,,
extra_func,F74B,5,LIKELY_BAD_SEED_WRONG_BANK,,
